feature,importance,horizon,model
overall_tone,0.00020596011444841292,1d,ridge
ceo_tone,0.00017438741482078454,1d,ridge
cfo_tone,0.00020938440630644927,1d,ridge
qa_tone,6.049568306914088e-05,1d,ridge
tone_bucket_ord,9.726336978892182e-05,1d,ridge
n_wins,0.00010735120607874319,1d,ridge
n_wins_revenue,1.742211966626767e-05,1d,ridge
n_wins_margin,9.308542188140724e-05,1d,ridge
n_wins_product,-0.00032600147361089917,1d,ridge
n_wins_customer,-0.00021984839618069486,1d,ridge
n_wins_capital_return,0.0005791424160556316,1d,ridge
n_wins_guidance,0.0001825298727820803,1d,ridge
n_wins_operations,8.366555285109004e-05,1d,ridge
n_risks,-1.547007725236838e-05,1d,ridge
n_risks_demand,-6.639861614799747e-05,1d,ridge
n_risks_margin,-2.1639377273101032e-05,1d,ridge
n_risks_competition,-0.00012857972136329077,1d,ridge
n_risks_macro,6.3465750495256e-05,1d,ridge
n_risks_regulatory,1.581112469055452e-05,1d,ridge
n_risks_guidance,-3.307592038367312e-05,1d,ridge
n_risks_customer_concentration,0.00021073360826181052,1d,ridge
n_risks_supply_chain,-0.0003938037923337827,1d,ridge
guidance_direction_ord,0.00021875459264441663,1d,ridge
has_margin_guidance,-4.841208216348822e-06,1d,ridge
has_eps_guidance,0.0002206238847000376,1d,ridge
has_segment_specific_guidance,-3.67255030574543e-05,1d,ridge
n_themes,-6.257405544199304e-05,1d,ridge
lm_pos_ratio,-0.00012330498677403065,1d,ridge
lm_neg_ratio,7.923235291441891e-05,1d,ridge
lm_net,-0.00013420151642967642,1d,ridge
lm_word_count,7.648868172268028e-05,1d,ridge
d_overall_tone,-1.2675223440978119e-05,1d,ridge
d_ceo_tone,-8.678469906701633e-06,1d,ridge
d_cfo_tone,-1.6457392205358616e-05,1d,ridge
d_qa_tone,-6.12776010757701e-05,1d,ridge
d_tone_bucket_ord,-0.00021039270568289865,1d,ridge
d_n_wins,-8.7355255593908e-05,1d,ridge
d_n_risks,-0.00012766911299653738,1d,ridge
d_n_themes,-1.3974509429594651e-05,1d,ridge
guidance_streak,-7.833172429459726e-07,1d,ridge
n_risks_persistent,-0.00014342333725614293,1d,ridge
risk_persistence_ratio,-0.00013068935454328391,1d,ridge
n_new_themes,-5.463866622580993e-05,1d,ridge
n_dropped_themes,-5.002083647360083e-05,1d,ridge
n_persistent_themes,-3.676738347903773e-05,1d,ridge
d_lm_net,5.728218627617435e-05,1d,ridge
pre_5d_ret,0.0003726616317491703,1d,ridge
pre_5d_excess,0.0003670148313258224,1d,ridge
pre_21d_ret,0.00011666215146791396,1d,ridge
pre_21d_excess,0.00013582504636847512,1d,ridge
pre_63d_ret,0.0001558655382028619,1d,ridge
pre_63d_excess,0.0001615416964483585,1d,ridge
overall_tone,0.0,1d,lasso
ceo_tone,0.0,1d,lasso
cfo_tone,0.0,1d,lasso
qa_tone,0.0,1d,lasso
tone_bucket_ord,0.0,1d,lasso
n_wins,0.0,1d,lasso
n_wins_revenue,0.0,1d,lasso
n_wins_margin,0.0,1d,lasso
n_wins_product,0.0,1d,lasso
n_wins_customer,0.0,1d,lasso
n_wins_capital_return,0.0,1d,lasso
n_wins_guidance,0.0,1d,lasso
n_wins_operations,0.0,1d,lasso
n_risks,0.0,1d,lasso
n_risks_demand,0.0,1d,lasso
n_risks_margin,0.0,1d,lasso
n_risks_competition,0.0,1d,lasso
n_risks_macro,0.0,1d,lasso
n_risks_regulatory,0.0,1d,lasso
n_risks_guidance,0.0,1d,lasso
n_risks_customer_concentration,0.0,1d,lasso
n_risks_supply_chain,0.0,1d,lasso
guidance_direction_ord,0.0,1d,lasso
has_margin_guidance,0.0,1d,lasso
has_eps_guidance,0.0,1d,lasso
has_segment_specific_guidance,0.0,1d,lasso
n_themes,0.0,1d,lasso
lm_pos_ratio,0.0,1d,lasso
lm_neg_ratio,0.0,1d,lasso
lm_net,0.0,1d,lasso
lm_word_count,0.0,1d,lasso
d_overall_tone,0.0,1d,lasso
d_ceo_tone,0.0,1d,lasso
d_cfo_tone,0.0,1d,lasso
d_qa_tone,0.0,1d,lasso
d_tone_bucket_ord,0.0,1d,lasso
d_n_wins,0.0,1d,lasso
d_n_risks,0.0,1d,lasso
d_n_themes,0.0,1d,lasso
guidance_streak,0.0,1d,lasso
n_risks_persistent,0.0,1d,lasso
risk_persistence_ratio,0.0,1d,lasso
n_new_themes,0.0,1d,lasso
n_dropped_themes,0.0,1d,lasso
n_persistent_themes,0.0,1d,lasso
d_lm_net,0.0,1d,lasso
pre_5d_ret,0.0,1d,lasso
pre_5d_excess,0.0,1d,lasso
pre_21d_ret,0.0,1d,lasso
pre_21d_excess,0.0,1d,lasso
pre_63d_ret,0.0,1d,lasso
pre_63d_excess,0.0,1d,lasso
overall_tone,0.0,1d,elasticnet
ceo_tone,0.0,1d,elasticnet
cfo_tone,0.0,1d,elasticnet
qa_tone,0.0,1d,elasticnet
tone_bucket_ord,0.0,1d,elasticnet
n_wins,0.0,1d,elasticnet
n_wins_revenue,0.0,1d,elasticnet
n_wins_margin,0.0,1d,elasticnet
n_wins_product,-0.0,1d,elasticnet
n_wins_customer,-0.0,1d,elasticnet
n_wins_capital_return,0.002440415326167971,1d,elasticnet
n_wins_guidance,0.0,1d,elasticnet
n_wins_operations,0.0,1d,elasticnet
n_risks,-0.0,1d,elasticnet
n_risks_demand,-0.0,1d,elasticnet
n_risks_margin,-0.0,1d,elasticnet
n_risks_competition,-0.0,1d,elasticnet
n_risks_macro,0.0,1d,elasticnet
n_risks_regulatory,0.0,1d,elasticnet
n_risks_guidance,-0.0,1d,elasticnet
n_risks_customer_concentration,0.0,1d,elasticnet
n_risks_supply_chain,-0.00014870286353412175,1d,elasticnet
guidance_direction_ord,0.0,1d,elasticnet
has_margin_guidance,-0.0,1d,elasticnet
has_eps_guidance,0.0,1d,elasticnet
has_segment_specific_guidance,0.0,1d,elasticnet
n_themes,-0.0,1d,elasticnet
lm_pos_ratio,-0.0,1d,elasticnet
lm_neg_ratio,0.0,1d,elasticnet
lm_net,-0.0,1d,elasticnet
lm_word_count,0.0,1d,elasticnet
d_overall_tone,-0.0,1d,elasticnet
d_ceo_tone,-0.0,1d,elasticnet
d_cfo_tone,-0.0,1d,elasticnet
d_qa_tone,-0.0,1d,elasticnet
d_tone_bucket_ord,-0.0,1d,elasticnet
d_n_wins,-0.0,1d,elasticnet
d_n_risks,-0.0,1d,elasticnet
d_n_themes,-0.0,1d,elasticnet
guidance_streak,0.0,1d,elasticnet
n_risks_persistent,-0.0,1d,elasticnet
risk_persistence_ratio,-0.0,1d,elasticnet
n_new_themes,-0.0,1d,elasticnet
n_dropped_themes,-0.0,1d,elasticnet
n_persistent_themes,-0.0,1d,elasticnet
d_lm_net,0.0,1d,elasticnet
pre_5d_ret,0.00023219178119728871,1d,elasticnet
pre_5d_excess,0.0001839723004231051,1d,elasticnet
pre_21d_ret,0.0,1d,elasticnet
pre_21d_excess,0.0,1d,elasticnet
pre_63d_ret,0.0,1d,elasticnet
pre_63d_excess,0.0,1d,elasticnet
overall_tone,0.033684249357190645,1d,logreg
ceo_tone,0.022788413973293235,1d,logreg
cfo_tone,0.03164937395912838,1d,logreg
qa_tone,0.0020920871843728758,1d,logreg
tone_bucket_ord,-0.01226282676149056,1d,logreg
n_wins,0.009434791056208819,1d,logreg
n_wins_revenue,0.007597972351549232,1d,logreg
n_wins_margin,0.0326911331206851,1d,logreg
n_wins_product,-0.02224978198297862,1d,logreg
n_wins_customer,-0.022075330021849787,1d,logreg
n_wins_capital_return,0.06101960452336359,1d,logreg
n_wins_guidance,0.016757800041425554,1d,logreg
n_wins_operations,-0.040530219162356995,1d,logreg
n_risks,-0.0024032234196075773,1d,logreg
n_risks_demand,-0.039610917291469275,1d,logreg
n_risks_margin,-0.0059613462502596535,1d,logreg
n_risks_competition,0.0012831309002507686,1d,logreg
n_risks_macro,0.04055932811179223,1d,logreg
n_risks_regulatory,0.008253548828509623,1d,logreg
n_risks_guidance,-0.03222275959483947,1d,logreg
n_risks_customer_concentration,0.0036108780983185565,1d,logreg
n_risks_supply_chain,-0.04608788052540703,1d,logreg
guidance_direction_ord,0.027193965310443345,1d,logreg
has_margin_guidance,-0.0025217476143188163,1d,logreg
has_eps_guidance,-0.004473176162298051,1d,logreg
has_segment_specific_guidance,0.030126498491804123,1d,logreg
n_themes,-0.0002984257698891864,1d,logreg
lm_pos_ratio,-0.008885092893325161,1d,logreg
lm_neg_ratio,-0.008402272710065432,1d,logreg
lm_net,-0.0014304368389486811,1d,logreg
lm_word_count,0.01279778520353115,1d,logreg
d_overall_tone,-0.010718844070675805,1d,logreg
d_ceo_tone,-0.005188648925342127,1d,logreg
d_cfo_tone,-0.0049824259094971455,1d,logreg
d_qa_tone,-0.047704200256404906,1d,logreg
d_tone_bucket_ord,-0.06004018532214658,1d,logreg
d_n_wins,-0.012989967547312617,1d,logreg
d_n_risks,-0.015298848721912821,1d,logreg
d_n_themes,0.028821113548719024,1d,logreg
guidance_streak,-0.032702643327710175,1d,logreg
n_risks_persistent,-0.007600765116661014,1d,logreg
risk_persistence_ratio,-0.006457579229201103,1d,logreg
n_new_themes,-0.003347894017099775,1d,logreg
n_dropped_themes,-0.01138969512898382,1d,logreg
n_persistent_themes,0.009678803480211624,1d,logreg
d_lm_net,-0.011390376645030667,1d,logreg
pre_5d_ret,0.03536442075548987,1d,logreg
pre_5d_excess,0.021807877808264847,1d,logreg
pre_21d_ret,0.0076467551611125555,1d,logreg
pre_21d_excess,0.01641581709531316,1d,logreg
pre_63d_ret,0.0010090500930512738,1d,logreg
pre_63d_excess,0.01818682485942032,1d,logreg
overall_tone,0.0,1d,knn
ceo_tone,0.0,1d,knn
cfo_tone,0.0,1d,knn
qa_tone,0.0,1d,knn
tone_bucket_ord,0.0,1d,knn
n_wins,0.0,1d,knn
n_wins_revenue,0.0,1d,knn
n_wins_margin,0.0,1d,knn
n_wins_product,0.0,1d,knn
n_wins_customer,0.0,1d,knn
n_wins_capital_return,0.0,1d,knn
n_wins_guidance,0.0,1d,knn
n_wins_operations,0.0,1d,knn
n_risks,0.0,1d,knn
n_risks_demand,0.0,1d,knn
n_risks_margin,0.0,1d,knn
n_risks_competition,0.0,1d,knn
n_risks_macro,0.0,1d,knn
n_risks_regulatory,0.0,1d,knn
n_risks_guidance,0.0,1d,knn
n_risks_customer_concentration,0.0,1d,knn
n_risks_supply_chain,0.0,1d,knn
guidance_direction_ord,0.0,1d,knn
has_margin_guidance,0.0,1d,knn
has_eps_guidance,0.0,1d,knn
has_segment_specific_guidance,0.0,1d,knn
n_themes,0.0,1d,knn
lm_pos_ratio,0.0,1d,knn
lm_neg_ratio,0.0,1d,knn
lm_net,0.0,1d,knn
lm_word_count,0.0,1d,knn
d_overall_tone,0.0,1d,knn
d_ceo_tone,0.0,1d,knn
d_cfo_tone,0.0,1d,knn
d_qa_tone,0.0,1d,knn
d_tone_bucket_ord,0.0,1d,knn
d_n_wins,0.0,1d,knn
d_n_risks,0.0,1d,knn
d_n_themes,0.0,1d,knn
guidance_streak,0.0,1d,knn
n_risks_persistent,0.0,1d,knn
risk_persistence_ratio,0.0,1d,knn
n_new_themes,0.0,1d,knn
n_dropped_themes,0.0,1d,knn
n_persistent_themes,0.0,1d,knn
d_lm_net,0.0,1d,knn
pre_5d_ret,0.0,1d,knn
pre_5d_excess,0.0,1d,knn
pre_21d_ret,0.0,1d,knn
pre_21d_excess,0.0,1d,knn
pre_63d_ret,0.0,1d,knn
pre_63d_excess,0.0,1d,knn
overall_tone,0.021317915133730717,1d,rf
ceo_tone,0.005359557190734076,1d,rf
cfo_tone,0.01165632666789736,1d,rf
qa_tone,0.004600784700005328,1d,rf
tone_bucket_ord,0.0,1d,rf
n_wins,0.0036034440160645025,1d,rf
n_wins_revenue,0.005829422475605546,1d,rf
n_wins_margin,0.024111568184011556,1d,rf
n_wins_product,0.01730796956710589,1d,rf
n_wins_customer,0.0054595644954686185,1d,rf
n_wins_capital_return,0.08552412644217822,1d,rf
n_wins_guidance,0.0,1d,rf
n_wins_operations,0.0070056957052039275,1d,rf
n_risks,0.0,1d,rf
n_risks_demand,0.024079849888165354,1d,rf
n_risks_margin,0.0010685458445546328,1d,rf
n_risks_competition,0.0,1d,rf
n_risks_macro,0.004123488659823206,1d,rf
n_risks_regulatory,0.010680795165696377,1d,rf
n_risks_guidance,0.0030074403208837064,1d,rf
n_risks_customer_concentration,0.0,1d,rf
n_risks_supply_chain,0.022009481639441497,1d,rf
guidance_direction_ord,0.004289302908896575,1d,rf
has_margin_guidance,0.005671495210726357,1d,rf
has_eps_guidance,0.0016359829494231415,1d,rf
has_segment_specific_guidance,0.0017396089892666707,1d,rf
n_themes,0.0,1d,rf
lm_pos_ratio,0.04494204130802983,1d,rf
lm_neg_ratio,0.01126157937061207,1d,rf
lm_net,0.023528866610246828,1d,rf
lm_word_count,0.0779508584621272,1d,rf
d_overall_tone,0.0055613478054934735,1d,rf
d_ceo_tone,0.0,1d,rf
d_cfo_tone,0.011853812255127829,1d,rf
d_qa_tone,0.0015055481232995628,1d,rf
d_tone_bucket_ord,0.0,1d,rf
d_n_wins,0.0,1d,rf
d_n_risks,0.0,1d,rf
d_n_themes,0.0,1d,rf
guidance_streak,0.0,1d,rf
n_risks_persistent,0.0,1d,rf
risk_persistence_ratio,0.004812167336823604,1d,rf
n_new_themes,0.005022652937053482,1d,rf
n_dropped_themes,0.01012207576417324,1d,rf
n_persistent_themes,0.012742180602130474,1d,rf
d_lm_net,0.045448542372479445,1d,rf
pre_5d_ret,0.09787570191500884,1d,rf
pre_5d_excess,0.03505781645096405,1d,rf
pre_21d_ret,0.026044208299876328,1d,rf
pre_21d_excess,0.09837108990151282,1d,rf
pre_63d_ret,0.0397597593871358,1d,rf
pre_63d_excess,0.17805738494302195,1d,rf
overall_tone,0.0,1d,histgb
ceo_tone,0.0,1d,histgb
cfo_tone,0.0,1d,histgb
qa_tone,0.0,1d,histgb
tone_bucket_ord,0.0,1d,histgb
n_wins,0.0,1d,histgb
n_wins_revenue,0.0,1d,histgb
n_wins_margin,0.0,1d,histgb
n_wins_product,0.0,1d,histgb
n_wins_customer,0.0,1d,histgb
n_wins_capital_return,0.0,1d,histgb
n_wins_guidance,0.0,1d,histgb
n_wins_operations,0.0,1d,histgb
n_risks,0.0,1d,histgb
n_risks_demand,0.0,1d,histgb
n_risks_margin,0.0,1d,histgb
n_risks_competition,0.0,1d,histgb
n_risks_macro,0.0,1d,histgb
n_risks_regulatory,0.0,1d,histgb
n_risks_guidance,0.0,1d,histgb
n_risks_customer_concentration,0.0,1d,histgb
n_risks_supply_chain,0.0,1d,histgb
guidance_direction_ord,0.0,1d,histgb
has_margin_guidance,0.0,1d,histgb
has_eps_guidance,0.0,1d,histgb
has_segment_specific_guidance,0.0,1d,histgb
n_themes,0.0,1d,histgb
lm_pos_ratio,0.0,1d,histgb
lm_neg_ratio,0.0,1d,histgb
lm_net,0.0,1d,histgb
lm_word_count,0.0,1d,histgb
d_overall_tone,0.0,1d,histgb
d_ceo_tone,0.0,1d,histgb
d_cfo_tone,0.0,1d,histgb
d_qa_tone,0.0,1d,histgb
d_tone_bucket_ord,0.0,1d,histgb
d_n_wins,0.0,1d,histgb
d_n_risks,0.0,1d,histgb
d_n_themes,0.0,1d,histgb
guidance_streak,0.0,1d,histgb
n_risks_persistent,0.0,1d,histgb
risk_persistence_ratio,0.0,1d,histgb
n_new_themes,0.0,1d,histgb
n_dropped_themes,0.0,1d,histgb
n_persistent_themes,0.0,1d,histgb
d_lm_net,0.0,1d,histgb
pre_5d_ret,0.0,1d,histgb
pre_5d_excess,0.0,1d,histgb
pre_21d_ret,0.0,1d,histgb
pre_21d_excess,0.0,1d,histgb
pre_63d_ret,0.0,1d,histgb
pre_63d_excess,0.0,1d,histgb
overall_tone,0.04444838687777519,1d,xgb
ceo_tone,0.08191048353910446,1d,xgb
cfo_tone,0.0,1d,xgb
qa_tone,0.0,1d,xgb
tone_bucket_ord,0.0,1d,xgb
n_wins,0.0,1d,xgb
n_wins_revenue,0.03974700719118118,1d,xgb
n_wins_margin,0.0,1d,xgb
n_wins_product,0.0,1d,xgb
n_wins_customer,0.0,1d,xgb
n_wins_capital_return,0.04984888434410095,1d,xgb
n_wins_guidance,0.0,1d,xgb
n_wins_operations,0.0,1d,xgb
n_risks,0.0,1d,xgb
n_risks_demand,0.03851902484893799,1d,xgb
n_risks_margin,0.0,1d,xgb
n_risks_competition,0.0,1d,xgb
n_risks_macro,0.03813263401389122,1d,xgb
n_risks_regulatory,0.0,1d,xgb
n_risks_guidance,0.0,1d,xgb
n_risks_customer_concentration,0.0,1d,xgb
n_risks_supply_chain,0.03448542207479477,1d,xgb
guidance_direction_ord,0.04419991001486778,1d,xgb
has_margin_guidance,0.0,1d,xgb
has_eps_guidance,0.0,1d,xgb
has_segment_specific_guidance,0.0,1d,xgb
n_themes,0.0,1d,xgb
lm_pos_ratio,0.0,1d,xgb
lm_neg_ratio,0.005719312932342291,1d,xgb
lm_net,0.05952490493655205,1d,xgb
lm_word_count,0.06472627818584442,1d,xgb
d_overall_tone,0.027065394446253777,1d,xgb
d_ceo_tone,0.03419538587331772,1d,xgb
d_cfo_tone,0.005792335141450167,1d,xgb
d_qa_tone,0.011226535774767399,1d,xgb
d_tone_bucket_ord,0.0,1d,xgb
d_n_wins,0.0,1d,xgb
d_n_risks,0.0,1d,xgb
d_n_themes,0.0,1d,xgb
guidance_streak,0.0,1d,xgb
n_risks_persistent,0.0,1d,xgb
risk_persistence_ratio,0.0,1d,xgb
n_new_themes,0.06148073822259903,1d,xgb
n_dropped_themes,0.0,1d,xgb
n_persistent_themes,0.04757704958319664,1d,xgb
d_lm_net,0.040465570986270905,1d,xgb
pre_5d_ret,0.05098261684179306,1d,xgb
pre_5d_excess,0.06294023245573044,1d,xgb
pre_21d_ret,0.035354550927877426,1d,xgb
pre_21d_excess,0.05012886971235275,1d,xgb
pre_63d_ret,0.0,1d,xgb
pre_63d_excess,0.07152852416038513,1d,xgb
overall_tone,0.0,1d,lgbm
ceo_tone,0.0,1d,lgbm
cfo_tone,3.0,1d,lgbm
qa_tone,0.0,1d,lgbm
tone_bucket_ord,0.0,1d,lgbm
n_wins,0.0,1d,lgbm
n_wins_revenue,0.0,1d,lgbm
n_wins_margin,0.0,1d,lgbm
n_wins_product,6.0,1d,lgbm
n_wins_customer,0.0,1d,lgbm
n_wins_capital_return,21.0,1d,lgbm
n_wins_guidance,0.0,1d,lgbm
n_wins_operations,0.0,1d,lgbm
n_risks,0.0,1d,lgbm
n_risks_demand,0.0,1d,lgbm
n_risks_margin,0.0,1d,lgbm
n_risks_competition,0.0,1d,lgbm
n_risks_macro,0.0,1d,lgbm
n_risks_regulatory,0.0,1d,lgbm
n_risks_guidance,0.0,1d,lgbm
n_risks_customer_concentration,0.0,1d,lgbm
n_risks_supply_chain,9.0,1d,lgbm
guidance_direction_ord,0.0,1d,lgbm
has_margin_guidance,0.0,1d,lgbm
has_eps_guidance,0.0,1d,lgbm
has_segment_specific_guidance,0.0,1d,lgbm
n_themes,0.0,1d,lgbm
lm_pos_ratio,0.0,1d,lgbm
lm_neg_ratio,0.0,1d,lgbm
lm_net,1.0,1d,lgbm
lm_word_count,19.0,1d,lgbm
d_overall_tone,0.0,1d,lgbm
d_ceo_tone,0.0,1d,lgbm
d_cfo_tone,0.0,1d,lgbm
d_qa_tone,6.0,1d,lgbm
d_tone_bucket_ord,4.0,1d,lgbm
d_n_wins,0.0,1d,lgbm
d_n_risks,0.0,1d,lgbm
d_n_themes,0.0,1d,lgbm
guidance_streak,0.0,1d,lgbm
n_risks_persistent,0.0,1d,lgbm
risk_persistence_ratio,0.0,1d,lgbm
n_new_themes,1.0,1d,lgbm
n_dropped_themes,0.0,1d,lgbm
n_persistent_themes,2.0,1d,lgbm
d_lm_net,23.0,1d,lgbm
pre_5d_ret,10.0,1d,lgbm
pre_5d_excess,16.0,1d,lgbm
pre_21d_ret,3.0,1d,lgbm
pre_21d_excess,15.0,1d,lgbm
pre_63d_ret,1.0,1d,lgbm
pre_63d_excess,23.0,1d,lgbm
overall_tone,0.0002950867995318951,5d,ridge
ceo_tone,0.0010796199717735748,5d,ridge
cfo_tone,-0.0002066318812975569,5d,ridge
qa_tone,-0.0005089131097260669,5d,ridge
tone_bucket_ord,0.0004827878664246666,5d,ridge
n_wins,0.0011863121801911473,5d,ridge
n_wins_revenue,-0.00014730223038850535,5d,ridge
n_wins_margin,0.006169644331688462,5d,ridge
n_wins_product,-0.004607140313035739,5d,ridge
n_wins_customer,0.00067611416681198,5d,ridge
n_wins_capital_return,0.0007602969256356566,5d,ridge
n_wins_guidance,0.001075536972412532,5d,ridge
n_wins_operations,0.0012570438413967975,5d,ridge
n_risks,9.646066266072552e-05,5d,ridge
n_risks_demand,-0.002046572365270162,5d,ridge
n_risks_margin,-0.0005366500675839925,5d,ridge
n_risks_competition,0.0033947454213379084,5d,ridge
n_risks_macro,0.0020973097984601486,5d,ridge
n_risks_regulatory,-0.00021113219420660324,5d,ridge
n_risks_guidance,0.0018652089334620927,5d,ridge
n_risks_customer_concentration,-0.0007706757323851871,5d,ridge
n_risks_supply_chain,-0.00623104265175758,5d,ridge
guidance_direction_ord,0.0018622947007937256,5d,ridge
has_margin_guidance,2.6238442946686878e-06,5d,ridge
has_eps_guidance,0.0019485282479722956,5d,ridge
has_segment_specific_guidance,0.0028166401035213564,5d,ridge
n_themes,-0.0014082412886653785,5d,ridge
lm_pos_ratio,-0.0008950032703208456,5d,ridge
lm_neg_ratio,0.002235320440677044,5d,ridge
lm_net,-0.0019435050542892084,5d,ridge
lm_word_count,0.003371218053443192,5d,ridge
d_overall_tone,0.0010417653868602542,5d,ridge
d_ceo_tone,0.0018317467352778134,5d,ridge
d_cfo_tone,-0.0001074925794060665,5d,ridge
d_qa_tone,0.0002304951281267411,5d,ridge
d_tone_bucket_ord,0.0012672432827882665,5d,ridge
d_n_wins,0.001198447782250744,5d,ridge
d_n_risks,-0.005590238708672,5d,ridge
d_n_themes,-0.00298016152138705,5d,ridge
guidance_streak,0.0025638970234947668,5d,ridge
n_risks_persistent,-0.0005518719721912707,5d,ridge
risk_persistence_ratio,-0.002123314514208781,5d,ridge
n_new_themes,0.0023225870471817204,5d,ridge
n_dropped_themes,0.0031288822075844396,5d,ridge
n_persistent_themes,0.00042131456914425874,5d,ridge
d_lm_net,-0.0007060863092765471,5d,ridge
pre_5d_ret,-7.815644801040959e-07,5d,ridge
pre_5d_excess,-0.0008128622021928004,5d,ridge
pre_21d_ret,0.0023859975628211286,5d,ridge
pre_21d_excess,0.0016659026126024739,5d,ridge
pre_63d_ret,0.0006864354041194699,5d,ridge
pre_63d_excess,0.001582788253072311,5d,ridge
overall_tone,0.0,5d,lasso
ceo_tone,0.0,5d,lasso
cfo_tone,0.0,5d,lasso
qa_tone,0.0,5d,lasso
tone_bucket_ord,0.0,5d,lasso
n_wins,0.0,5d,lasso
n_wins_revenue,0.0,5d,lasso
n_wins_margin,0.006301601745709561,5d,lasso
n_wins_product,-0.004190205404283036,5d,lasso
n_wins_customer,0.0,5d,lasso
n_wins_capital_return,0.0,5d,lasso
n_wins_guidance,0.0,5d,lasso
n_wins_operations,0.0,5d,lasso
n_risks,-0.0,5d,lasso
n_risks_demand,-0.0,5d,lasso
n_risks_margin,-0.0,5d,lasso
n_risks_competition,0.0,5d,lasso
n_risks_macro,0.0,5d,lasso
n_risks_regulatory,0.0,5d,lasso
n_risks_guidance,0.0,5d,lasso
n_risks_customer_concentration,0.0,5d,lasso
n_risks_supply_chain,-0.006979702727556382,5d,lasso
guidance_direction_ord,0.0,5d,lasso
has_margin_guidance,-0.0,5d,lasso
has_eps_guidance,0.0,5d,lasso
has_segment_specific_guidance,0.0,5d,lasso
n_themes,-0.0,5d,lasso
lm_pos_ratio,-0.0,5d,lasso
lm_neg_ratio,0.0,5d,lasso
lm_net,-0.0,5d,lasso
lm_word_count,0.0,5d,lasso
d_overall_tone,0.0,5d,lasso
d_ceo_tone,0.0,5d,lasso
d_cfo_tone,0.0,5d,lasso
d_qa_tone,0.0,5d,lasso
d_tone_bucket_ord,0.0,5d,lasso
d_n_wins,0.0,5d,lasso
d_n_risks,-0.0021402015789701674,5d,lasso
d_n_themes,-0.0,5d,lasso
guidance_streak,0.0,5d,lasso
n_risks_persistent,-0.0,5d,lasso
risk_persistence_ratio,-0.0,5d,lasso
n_new_themes,0.0,5d,lasso
n_dropped_themes,0.0,5d,lasso
n_persistent_themes,0.0,5d,lasso
d_lm_net,-0.0,5d,lasso
pre_5d_ret,0.0,5d,lasso
pre_5d_excess,0.0,5d,lasso
pre_21d_ret,0.0,5d,lasso
pre_21d_excess,0.0,5d,lasso
pre_63d_ret,0.0,5d,lasso
pre_63d_excess,0.0,5d,lasso
overall_tone,0.0,5d,elasticnet
ceo_tone,0.0,5d,elasticnet
cfo_tone,0.0,5d,elasticnet
qa_tone,-0.0,5d,elasticnet
tone_bucket_ord,0.0,5d,elasticnet
n_wins,0.0,5d,elasticnet
n_wins_revenue,-0.0,5d,elasticnet
n_wins_margin,0.011297129627907073,5d,elasticnet
n_wins_product,-0.0070522639538464675,5d,elasticnet
n_wins_customer,0.0,5d,elasticnet
n_wins_capital_return,0.0,5d,elasticnet
n_wins_guidance,0.0,5d,elasticnet
n_wins_operations,0.0,5d,elasticnet
n_risks,0.0,5d,elasticnet
n_risks_demand,-0.0,5d,elasticnet
n_risks_margin,-0.0,5d,elasticnet
n_risks_competition,0.003221987709969886,5d,elasticnet
n_risks_macro,0.0,5d,elasticnet
n_risks_regulatory,-0.0,5d,elasticnet
n_risks_guidance,0.0,5d,elasticnet
n_risks_customer_concentration,-0.0,5d,elasticnet
n_risks_supply_chain,-0.009716082244319761,5d,elasticnet
guidance_direction_ord,0.001017726006590089,5d,elasticnet
has_margin_guidance,-0.0,5d,elasticnet
has_eps_guidance,0.0,5d,elasticnet
has_segment_specific_guidance,0.0003196308767221536,5d,elasticnet
n_themes,-0.0,5d,elasticnet
lm_pos_ratio,-0.0,5d,elasticnet
lm_neg_ratio,0.0,5d,elasticnet
lm_net,-0.0,5d,elasticnet
lm_word_count,0.00255845786585892,5d,elasticnet
d_overall_tone,0.0,5d,elasticnet
d_ceo_tone,0.0032836103575723417,5d,elasticnet
d_cfo_tone,0.0,5d,elasticnet
d_qa_tone,0.0,5d,elasticnet
d_tone_bucket_ord,0.0,5d,elasticnet
d_n_wins,0.0,5d,elasticnet
d_n_risks,-0.008435292820900808,5d,elasticnet
d_n_themes,-0.0001344632823574558,5d,elasticnet
guidance_streak,0.0013158344035197756,5d,elasticnet
n_risks_persistent,-0.0,5d,elasticnet
risk_persistence_ratio,-0.0,5d,elasticnet
n_new_themes,0.0,5d,elasticnet
n_dropped_themes,0.0,5d,elasticnet
n_persistent_themes,0.0,5d,elasticnet
d_lm_net,-0.0,5d,elasticnet
pre_5d_ret,0.0,5d,elasticnet
pre_5d_excess,0.0,5d,elasticnet
pre_21d_ret,0.0015562621862776553,5d,elasticnet
pre_21d_excess,0.0,5d,elasticnet
pre_63d_ret,0.0,5d,elasticnet
pre_63d_excess,0.0,5d,elasticnet
overall_tone,0.07330105021980786,5d,logreg
ceo_tone,0.08043210201099818,5d,logreg
cfo_tone,0.022608907082404883,5d,logreg
qa_tone,-0.005821026719016807,5d,logreg
tone_bucket_ord,0.08967477085251578,5d,logreg
n_wins,-0.0446151596310723,5d,logreg
n_wins_revenue,-0.09303585742173463,5d,logreg
n_wins_margin,0.23246881227607838,5d,logreg
n_wins_product,-0.1472220360805024,5d,logreg
n_wins_customer,0.0481745420619201,5d,logreg
n_wins_capital_return,0.0018604687849272134,5d,logreg
n_wins_guidance,0.06374987202404468,5d,logreg
n_wins_operations,0.06719029196248558,5d,logreg
n_risks,0.10556493093175232,5d,logreg
n_risks_demand,-0.2400752153660437,5d,logreg
n_risks_margin,0.14405596367775772,5d,logreg
n_risks_competition,0.39554126901894826,5d,logreg
n_risks_macro,0.19218011570032095,5d,logreg
n_risks_regulatory,0.19310141405824102,5d,logreg
n_risks_guidance,0.11152427521911497,5d,logreg
n_risks_customer_concentration,-0.033595464888794974,5d,logreg
n_risks_supply_chain,-0.40547806176069634,5d,logreg
guidance_direction_ord,0.09956095098934019,5d,logreg
has_margin_guidance,-0.15376127227826622,5d,logreg
has_eps_guidance,0.02250873027329099,5d,logreg
has_segment_specific_guidance,0.14473914416904637,5d,logreg
n_themes,-0.2193931162507715,5d,logreg
lm_pos_ratio,-0.11387491867773762,5d,logreg
lm_neg_ratio,0.15991682958118633,5d,logreg
lm_net,-0.17458841639073888,5d,logreg
lm_word_count,0.3434563137367056,5d,logreg
d_overall_tone,-0.02481487321512519,5d,logreg
d_ceo_tone,0.05192763153925283,5d,logreg
d_cfo_tone,-0.10486811311079372,5d,logreg
d_qa_tone,0.07167298051757587,5d,logreg
d_tone_bucket_ord,-0.11875411458668839,5d,logreg
d_n_wins,0.1337892488558513,5d,logreg
d_n_risks,-0.26047261781288367,5d,logreg
d_n_themes,-0.3095608272359431,5d,logreg
guidance_streak,0.03601047010877536,5d,logreg
n_risks_persistent,-0.07443914215901463,5d,logreg
risk_persistence_ratio,-0.1721256360347239,5d,logreg
n_new_themes,0.16487362773634714,5d,logreg
n_dropped_themes,0.24960218638007578,5d,logreg
n_persistent_themes,0.10280860618267189,5d,logreg
d_lm_net,-0.059077017859843324,5d,logreg
pre_5d_ret,-0.03251075756125467,5d,logreg
pre_5d_excess,0.016100596753051366,5d,logreg
pre_21d_ret,0.1136709654419492,5d,logreg
pre_21d_excess,0.11018969965034221,5d,logreg
pre_63d_ret,-0.046599996080455716,5d,logreg
pre_63d_excess,-0.018537771437626797,5d,logreg
overall_tone,0.0,5d,knn
ceo_tone,0.0,5d,knn
cfo_tone,0.0,5d,knn
qa_tone,0.0,5d,knn
tone_bucket_ord,0.0,5d,knn
n_wins,0.0,5d,knn
n_wins_revenue,0.0,5d,knn
n_wins_margin,0.0,5d,knn
n_wins_product,0.0,5d,knn
n_wins_customer,0.0,5d,knn
n_wins_capital_return,0.0,5d,knn
n_wins_guidance,0.0,5d,knn
n_wins_operations,0.0,5d,knn
n_risks,0.0,5d,knn
n_risks_demand,0.0,5d,knn
n_risks_margin,0.0,5d,knn
n_risks_competition,0.0,5d,knn
n_risks_macro,0.0,5d,knn
n_risks_regulatory,0.0,5d,knn
n_risks_guidance,0.0,5d,knn
n_risks_customer_concentration,0.0,5d,knn
n_risks_supply_chain,0.0,5d,knn
guidance_direction_ord,0.0,5d,knn
has_margin_guidance,0.0,5d,knn
has_eps_guidance,0.0,5d,knn
has_segment_specific_guidance,0.0,5d,knn
n_themes,0.0,5d,knn
lm_pos_ratio,0.0,5d,knn
lm_neg_ratio,0.0,5d,knn
lm_net,0.0,5d,knn
lm_word_count,0.0,5d,knn
d_overall_tone,0.0,5d,knn
d_ceo_tone,0.0,5d,knn
d_cfo_tone,0.0,5d,knn
d_qa_tone,0.0,5d,knn
d_tone_bucket_ord,0.0,5d,knn
d_n_wins,0.0,5d,knn
d_n_risks,0.0,5d,knn
d_n_themes,0.0,5d,knn
guidance_streak,0.0,5d,knn
n_risks_persistent,0.0,5d,knn
risk_persistence_ratio,0.0,5d,knn
n_new_themes,0.0,5d,knn
n_dropped_themes,0.0,5d,knn
n_persistent_themes,0.0,5d,knn
d_lm_net,0.0,5d,knn
pre_5d_ret,0.0,5d,knn
pre_5d_excess,0.0,5d,knn
pre_21d_ret,0.0,5d,knn
pre_21d_excess,0.0,5d,knn
pre_63d_ret,0.0,5d,knn
pre_63d_excess,0.0,5d,knn
overall_tone,0.001735012154301594,5d,rf
ceo_tone,0.0046123757559862425,5d,rf
cfo_tone,0.0074897653626490365,5d,rf
qa_tone,0.005291899988232942,5d,rf
tone_bucket_ord,0.0,5d,rf
n_wins,0.0016257197886854814,5d,rf
n_wins_revenue,0.0,5d,rf
n_wins_margin,0.2269417695840796,5d,rf
n_wins_product,0.09939082594792444,5d,rf
n_wins_customer,0.0,5d,rf
n_wins_capital_return,0.0006734004695432031,5d,rf
n_wins_guidance,0.0,5d,rf
n_wins_operations,0.0,5d,rf
n_risks,0.0,5d,rf
n_risks_demand,0.0016368895830916337,5d,rf
n_risks_margin,0.0005005564336491041,5d,rf
n_risks_competition,0.0,5d,rf
n_risks_macro,0.00170307140727214,5d,rf
n_risks_regulatory,0.017652353009439913,5d,rf
n_risks_guidance,0.0,5d,rf
n_risks_customer_concentration,0.0,5d,rf
n_risks_supply_chain,0.14657502468935374,5d,rf
guidance_direction_ord,0.0,5d,rf
has_margin_guidance,0.0014331296737494959,5d,rf
has_eps_guidance,0.0,5d,rf
has_segment_specific_guidance,0.013735736427039453,5d,rf
n_themes,0.0,5d,rf
lm_pos_ratio,0.0224704712103943,5d,rf
lm_neg_ratio,0.03970017700646186,5d,rf
lm_net,0.05536922338584176,5d,rf
lm_word_count,0.09860530347773047,5d,rf
d_overall_tone,0.007540175772132385,5d,rf
d_ceo_tone,0.021778171621251473,5d,rf
d_cfo_tone,0.013030844097971872,5d,rf
d_qa_tone,0.01350275313013003,5d,rf
d_tone_bucket_ord,0.0,5d,rf
d_n_wins,0.0,5d,rf
d_n_risks,0.0,5d,rf
d_n_themes,0.0,5d,rf
guidance_streak,0.0,5d,rf
n_risks_persistent,0.0006255707717079242,5d,rf
risk_persistence_ratio,0.010124983103998597,5d,rf
n_new_themes,0.008916198630280172,5d,rf
n_dropped_themes,0.057360223531479085,5d,rf
n_persistent_themes,0.015266877122858392,5d,rf
d_lm_net,0.024221343062732503,5d,rf
pre_5d_ret,0.022734292907712596,5d,rf
pre_5d_excess,0.008474194355597113,5d,rf
pre_21d_ret,0.012745042819217352,5d,rf
pre_21d_excess,0.01869212401788754,5d,rf
pre_63d_ret,0.014221884059177339,5d,rf
pre_63d_excess,0.0036226156404392603,5d,rf
overall_tone,0.0,5d,histgb
ceo_tone,0.0,5d,histgb
cfo_tone,0.0,5d,histgb
qa_tone,0.0,5d,histgb
tone_bucket_ord,0.0,5d,histgb
n_wins,0.0,5d,histgb
n_wins_revenue,0.0,5d,histgb
n_wins_margin,0.0,5d,histgb
n_wins_product,0.0,5d,histgb
n_wins_customer,0.0,5d,histgb
n_wins_capital_return,0.0,5d,histgb
n_wins_guidance,0.0,5d,histgb
n_wins_operations,0.0,5d,histgb
n_risks,0.0,5d,histgb
n_risks_demand,0.0,5d,histgb
n_risks_margin,0.0,5d,histgb
n_risks_competition,0.0,5d,histgb
n_risks_macro,0.0,5d,histgb
n_risks_regulatory,0.0,5d,histgb
n_risks_guidance,0.0,5d,histgb
n_risks_customer_concentration,0.0,5d,histgb
n_risks_supply_chain,0.0,5d,histgb
guidance_direction_ord,0.0,5d,histgb
has_margin_guidance,0.0,5d,histgb
has_eps_guidance,0.0,5d,histgb
has_segment_specific_guidance,0.0,5d,histgb
n_themes,0.0,5d,histgb
lm_pos_ratio,0.0,5d,histgb
lm_neg_ratio,0.0,5d,histgb
lm_net,0.0,5d,histgb
lm_word_count,0.0,5d,histgb
d_overall_tone,0.0,5d,histgb
d_ceo_tone,0.0,5d,histgb
d_cfo_tone,0.0,5d,histgb
d_qa_tone,0.0,5d,histgb
d_tone_bucket_ord,0.0,5d,histgb
d_n_wins,0.0,5d,histgb
d_n_risks,0.0,5d,histgb
d_n_themes,0.0,5d,histgb
guidance_streak,0.0,5d,histgb
n_risks_persistent,0.0,5d,histgb
risk_persistence_ratio,0.0,5d,histgb
n_new_themes,0.0,5d,histgb
n_dropped_themes,0.0,5d,histgb
n_persistent_themes,0.0,5d,histgb
d_lm_net,0.0,5d,histgb
pre_5d_ret,0.0,5d,histgb
pre_5d_excess,0.0,5d,histgb
pre_21d_ret,0.0,5d,histgb
pre_21d_excess,0.0,5d,histgb
pre_63d_ret,0.0,5d,histgb
pre_63d_excess,0.0,5d,histgb
overall_tone,0.0,5d,xgb
ceo_tone,0.0,5d,xgb
cfo_tone,0.10775873810052872,5d,xgb
qa_tone,0.03537309542298317,5d,xgb
tone_bucket_ord,0.0,5d,xgb
n_wins,0.0,5d,xgb
n_wins_revenue,0.0,5d,xgb
n_wins_margin,0.0786546915769577,5d,xgb
n_wins_product,0.0514695979654789,5d,xgb
n_wins_customer,0.0,5d,xgb
n_wins_capital_return,0.0,5d,xgb
n_wins_guidance,0.0,5d,xgb
n_wins_operations,0.0,5d,xgb
n_risks,0.0,5d,xgb
n_risks_demand,0.0,5d,xgb
n_risks_margin,0.0,5d,xgb
n_risks_competition,0.0,5d,xgb
n_risks_macro,0.0,5d,xgb
n_risks_regulatory,0.022505158558487892,5d,xgb
n_risks_guidance,0.0,5d,xgb
n_risks_customer_concentration,0.0,5d,xgb
n_risks_supply_chain,0.08672279119491577,5d,xgb
guidance_direction_ord,0.0,5d,xgb
has_margin_guidance,0.018353469669818878,5d,xgb
has_eps_guidance,0.0,5d,xgb
has_segment_specific_guidance,0.032234419137239456,5d,xgb
n_themes,0.0,5d,xgb
lm_pos_ratio,0.0,5d,xgb
lm_neg_ratio,0.04333151504397392,5d,xgb
lm_net,0.037836089730262756,5d,xgb
lm_word_count,0.03709232434630394,5d,xgb
d_overall_tone,0.0,5d,xgb
d_ceo_tone,0.02812066301703453,5d,xgb
d_cfo_tone,0.04467567056417465,5d,xgb
d_qa_tone,0.041167985647916794,5d,xgb
d_tone_bucket_ord,0.0,5d,xgb
d_n_wins,0.0,5d,xgb
d_n_risks,0.03722809627652168,5d,xgb
d_n_themes,0.0,5d,xgb
guidance_streak,0.06684096902608871,5d,xgb
n_risks_persistent,0.0,5d,xgb
risk_persistence_ratio,0.02004511095583439,5d,xgb
n_new_themes,0.0,5d,xgb
n_dropped_themes,0.038275498896837234,5d,xgb
n_persistent_themes,0.0,5d,xgb
d_lm_net,0.0,5d,xgb
pre_5d_ret,0.02614251896739006,5d,xgb
pre_5d_excess,0.033299993723630905,5d,xgb
pre_21d_ret,0.0764288604259491,5d,xgb
pre_21d_excess,0.036442771553993225,5d,xgb
pre_63d_ret,0.0,5d,xgb
pre_63d_excess,0.0,5d,xgb
overall_tone,1.0,5d,lgbm
ceo_tone,5.0,5d,lgbm
cfo_tone,0.0,5d,lgbm
qa_tone,2.0,5d,lgbm
tone_bucket_ord,1.0,5d,lgbm
n_wins,0.0,5d,lgbm
n_wins_revenue,0.0,5d,lgbm
n_wins_margin,18.0,5d,lgbm
n_wins_product,12.0,5d,lgbm
n_wins_customer,0.0,5d,lgbm
n_wins_capital_return,1.0,5d,lgbm
n_wins_guidance,0.0,5d,lgbm
n_wins_operations,1.0,5d,lgbm
n_risks,0.0,5d,lgbm
n_risks_demand,1.0,5d,lgbm
n_risks_margin,0.0,5d,lgbm
n_risks_competition,0.0,5d,lgbm
n_risks_macro,0.0,5d,lgbm
n_risks_regulatory,7.0,5d,lgbm
n_risks_guidance,0.0,5d,lgbm
n_risks_customer_concentration,0.0,5d,lgbm
n_risks_supply_chain,12.0,5d,lgbm
guidance_direction_ord,0.0,5d,lgbm
has_margin_guidance,3.0,5d,lgbm
has_eps_guidance,1.0,5d,lgbm
has_segment_specific_guidance,3.0,5d,lgbm
n_themes,0.0,5d,lgbm
lm_pos_ratio,4.0,5d,lgbm
lm_neg_ratio,12.0,5d,lgbm
lm_net,11.0,5d,lgbm
lm_word_count,16.0,5d,lgbm
d_overall_tone,6.0,5d,lgbm
d_ceo_tone,3.0,5d,lgbm
d_cfo_tone,13.0,5d,lgbm
d_qa_tone,9.0,5d,lgbm
d_tone_bucket_ord,0.0,5d,lgbm
d_n_wins,0.0,5d,lgbm
d_n_risks,5.0,5d,lgbm
d_n_themes,6.0,5d,lgbm
guidance_streak,1.0,5d,lgbm
n_risks_persistent,9.0,5d,lgbm
risk_persistence_ratio,7.0,5d,lgbm
n_new_themes,4.0,5d,lgbm
n_dropped_themes,9.0,5d,lgbm
n_persistent_themes,9.0,5d,lgbm
d_lm_net,8.0,5d,lgbm
pre_5d_ret,23.0,5d,lgbm
pre_5d_excess,22.0,5d,lgbm
pre_21d_ret,17.0,5d,lgbm
pre_21d_excess,16.0,5d,lgbm
pre_63d_ret,24.0,5d,lgbm
pre_63d_excess,8.0,5d,lgbm
overall_tone,0.003090182006564513,21d,ridge
ceo_tone,0.0031880767698146575,21d,ridge
cfo_tone,0.0033677304371292484,21d,ridge
qa_tone,0.0017248780986328517,21d,ridge
tone_bucket_ord,0.0009593242858973774,21d,ridge
n_wins,0.003221370642285146,21d,ridge
n_wins_revenue,0.00261596435640622,21d,ridge
n_wins_margin,0.007473356999583,21d,ridge
n_wins_product,-0.008840577066157979,21d,ridge
n_wins_customer,0.0003192447772507526,21d,ridge
n_wins_capital_return,0.008212740008829756,21d,ridge
n_wins_guidance,0.0009461720175586761,21d,ridge
n_wins_operations,-0.0028636918799717537,21d,ridge
n_risks,-0.0002808866168247759,21d,ridge
n_risks_demand,-0.004097123081844101,21d,ridge
n_risks_margin,-0.0022607372476872996,21d,ridge
n_risks_competition,-0.0022752183249319506,21d,ridge
n_risks_macro,0.0058989509893345215,21d,ridge
n_risks_regulatory,-0.0015360046172418834,21d,ridge
n_risks_guidance,-0.0022794786156256452,21d,ridge
n_risks_customer_concentration,0.00120260914156405,21d,ridge
n_risks_supply_chain,-0.00284995931759291,21d,ridge
guidance_direction_ord,0.00044566361134427095,21d,ridge
has_margin_guidance,0.004281942806869403,21d,ridge
has_eps_guidance,0.0016198416063419694,21d,ridge
has_segment_specific_guidance,0.005015152919712354,21d,ridge
n_themes,-0.0033224704955844473,21d,ridge
lm_pos_ratio,-0.004738097220393098,21d,ridge
lm_neg_ratio,0.001939952225015368,21d,ridge
lm_net,-0.004511813130872419,21d,ridge
lm_word_count,0.0034724311169842207,21d,ridge
d_overall_tone,-0.0007615464540940243,21d,ridge
d_ceo_tone,0.0010003856335683975,21d,ridge
d_cfo_tone,0.0019176127329152614,21d,ridge
d_qa_tone,0.0017098438504981103,21d,ridge
d_tone_bucket_ord,-0.0004882691577716682,21d,ridge
d_n_wins,0.001393115632900005,21d,ridge
d_n_risks,-0.0016571651921814452,21d,ridge
d_n_themes,-0.0021035298617584483,21d,ridge
guidance_streak,-0.001195227595477954,21d,ridge
n_risks_persistent,0.0008622151513974248,21d,ridge
risk_persistence_ratio,0.0009919606489640763,21d,ridge
n_new_themes,-0.0010494076889175036,21d,ridge
n_dropped_themes,-0.0004459467067346649,21d,ridge
n_persistent_themes,-0.0021458941699366726,21d,ridge
d_lm_net,0.0028637571915665606,21d,ridge
pre_5d_ret,-0.0008081282963841478,21d,ridge
pre_5d_excess,-0.0025660946181646186,21d,ridge
pre_21d_ret,0.00922854160645447,21d,ridge
pre_21d_excess,0.00562335754282812,21d,ridge
pre_63d_ret,0.0024429143496596216,21d,ridge
pre_63d_excess,-0.0006851789866287936,21d,ridge
overall_tone,0.0,21d,lasso
ceo_tone,0.0,21d,lasso
cfo_tone,0.0,21d,lasso
qa_tone,0.0,21d,lasso
tone_bucket_ord,0.0,21d,lasso
n_wins,0.0,21d,lasso
n_wins_revenue,0.0,21d,lasso
n_wins_margin,0.0,21d,lasso
n_wins_product,0.0,21d,lasso
n_wins_customer,0.0,21d,lasso
n_wins_capital_return,0.0,21d,lasso
n_wins_guidance,0.0,21d,lasso
n_wins_operations,0.0,21d,lasso
n_risks,0.0,21d,lasso
n_risks_demand,0.0,21d,lasso
n_risks_margin,0.0,21d,lasso
n_risks_competition,0.0,21d,lasso
n_risks_macro,0.0,21d,lasso
n_risks_regulatory,0.0,21d,lasso
n_risks_guidance,0.0,21d,lasso
n_risks_customer_concentration,0.0,21d,lasso
n_risks_supply_chain,0.0,21d,lasso
guidance_direction_ord,0.0,21d,lasso
has_margin_guidance,0.0,21d,lasso
has_eps_guidance,0.0,21d,lasso
has_segment_specific_guidance,0.0,21d,lasso
n_themes,0.0,21d,lasso
lm_pos_ratio,0.0,21d,lasso
lm_neg_ratio,0.0,21d,lasso
lm_net,0.0,21d,lasso
lm_word_count,0.0,21d,lasso
d_overall_tone,0.0,21d,lasso
d_ceo_tone,0.0,21d,lasso
d_cfo_tone,0.0,21d,lasso
d_qa_tone,0.0,21d,lasso
d_tone_bucket_ord,0.0,21d,lasso
d_n_wins,0.0,21d,lasso
d_n_risks,0.0,21d,lasso
d_n_themes,0.0,21d,lasso
guidance_streak,0.0,21d,lasso
n_risks_persistent,0.0,21d,lasso
risk_persistence_ratio,0.0,21d,lasso
n_new_themes,0.0,21d,lasso
n_dropped_themes,0.0,21d,lasso
n_persistent_themes,0.0,21d,lasso
d_lm_net,0.0,21d,lasso
pre_5d_ret,0.0,21d,lasso
pre_5d_excess,0.0,21d,lasso
pre_21d_ret,0.0,21d,lasso
pre_21d_excess,0.0,21d,lasso
pre_63d_ret,0.0,21d,lasso
pre_63d_excess,0.0,21d,lasso
overall_tone,0.0,21d,elasticnet
ceo_tone,0.0,21d,elasticnet
cfo_tone,0.0,21d,elasticnet
qa_tone,0.0,21d,elasticnet
tone_bucket_ord,0.0,21d,elasticnet
n_wins,0.0,21d,elasticnet
n_wins_revenue,0.0,21d,elasticnet
n_wins_margin,0.0,21d,elasticnet
n_wins_product,0.0,21d,elasticnet
n_wins_customer,0.0,21d,elasticnet
n_wins_capital_return,0.0,21d,elasticnet
n_wins_guidance,0.0,21d,elasticnet
n_wins_operations,0.0,21d,elasticnet
n_risks,0.0,21d,elasticnet
n_risks_demand,0.0,21d,elasticnet
n_risks_margin,0.0,21d,elasticnet
n_risks_competition,0.0,21d,elasticnet
n_risks_macro,0.0,21d,elasticnet
n_risks_regulatory,0.0,21d,elasticnet
n_risks_guidance,0.0,21d,elasticnet
n_risks_customer_concentration,0.0,21d,elasticnet
n_risks_supply_chain,0.0,21d,elasticnet
guidance_direction_ord,0.0,21d,elasticnet
has_margin_guidance,0.0,21d,elasticnet
has_eps_guidance,0.0,21d,elasticnet
has_segment_specific_guidance,0.0,21d,elasticnet
n_themes,0.0,21d,elasticnet
lm_pos_ratio,0.0,21d,elasticnet
lm_neg_ratio,0.0,21d,elasticnet
lm_net,0.0,21d,elasticnet
lm_word_count,0.0,21d,elasticnet
d_overall_tone,0.0,21d,elasticnet
d_ceo_tone,0.0,21d,elasticnet
d_cfo_tone,0.0,21d,elasticnet
d_qa_tone,0.0,21d,elasticnet
d_tone_bucket_ord,0.0,21d,elasticnet
d_n_wins,0.0,21d,elasticnet
d_n_risks,0.0,21d,elasticnet
d_n_themes,0.0,21d,elasticnet
guidance_streak,0.0,21d,elasticnet
n_risks_persistent,0.0,21d,elasticnet
risk_persistence_ratio,0.0,21d,elasticnet
n_new_themes,0.0,21d,elasticnet
n_dropped_themes,0.0,21d,elasticnet
n_persistent_themes,0.0,21d,elasticnet
d_lm_net,0.0,21d,elasticnet
pre_5d_ret,0.0,21d,elasticnet
pre_5d_excess,0.0,21d,elasticnet
pre_21d_ret,0.0,21d,elasticnet
pre_21d_excess,0.0,21d,elasticnet
pre_63d_ret,0.0,21d,elasticnet
pre_63d_excess,0.0,21d,elasticnet
overall_tone,0.09173849022537017,21d,logreg
ceo_tone,0.2929770809963924,21d,logreg
cfo_tone,0.13947809406011807,21d,logreg
qa_tone,-0.16467339389190505,21d,logreg
tone_bucket_ord,-0.00536083629518119,21d,logreg
n_wins,0.41647796877897497,21d,logreg
n_wins_revenue,-0.003867994393555175,21d,logreg
n_wins_margin,0.2604125794280418,21d,logreg
n_wins_product,-0.4031359169829429,21d,logreg
n_wins_customer,0.04403358045506491,21d,logreg
n_wins_capital_return,0.4684932319535529,21d,logreg
n_wins_guidance,0.8880439243983543,21d,logreg
n_wins_operations,-0.0789571139550611,21d,logreg
n_risks,0.2215862996545305,21d,logreg
n_risks_demand,-0.740482774920452,21d,logreg
n_risks_margin,-0.15287090397114605,21d,logreg
n_risks_competition,-0.2204337700050898,21d,logreg
n_risks_macro,0.3610702997531034,21d,logreg
n_risks_regulatory,-0.22041515428644803,21d,logreg
n_risks_guidance,-0.38651440303608253,21d,logreg
n_risks_customer_concentration,-0.7224964511904877,21d,logreg
n_risks_supply_chain,-0.20238946547658343,21d,logreg
guidance_direction_ord,-0.4352445396817011,21d,logreg
has_margin_guidance,-0.43701162900391544,21d,logreg
has_eps_guidance,0.17267140798140285,21d,logreg
has_segment_specific_guidance,0.4237345190811899,21d,logreg
n_themes,-0.8943826478500372,21d,logreg
lm_pos_ratio,-0.2862017489488085,21d,logreg
lm_neg_ratio,-0.22443979552816817,21d,logreg
lm_net,-0.07305850886176181,21d,logreg
lm_word_count,0.4702010396370686,21d,logreg
d_overall_tone,-0.730352075431686,21d,logreg
d_ceo_tone,0.43564453095104627,21d,logreg
d_cfo_tone,-0.21664085557088186,21d,logreg
d_qa_tone,0.13309289424339737,21d,logreg
d_tone_bucket_ord,0.3034325044584202,21d,logreg
d_n_wins,0.5660267508283758,21d,logreg
d_n_risks,-0.30130176972672856,21d,logreg
d_n_themes,-0.14371351739474506,21d,logreg
guidance_streak,0.22037702304272425,21d,logreg
n_risks_persistent,-0.3772001681179236,21d,logreg
risk_persistence_ratio,0.03704409516678303,21d,logreg
n_new_themes,0.411527516572268,21d,logreg
n_dropped_themes,0.44658417982218157,21d,logreg
n_persistent_themes,-0.14806740407269067,21d,logreg
d_lm_net,0.5397193243477049,21d,logreg
pre_5d_ret,0.35649576099579044,21d,logreg
pre_5d_excess,-0.23640414167809004,21d,logreg
pre_21d_ret,1.3092156441237972,21d,logreg
pre_21d_excess,0.53882841477411,21d,logreg
pre_63d_ret,0.025921871156426888,21d,logreg
pre_63d_excess,-0.8696896967439455,21d,logreg
overall_tone,0.0,21d,knn
ceo_tone,0.0,21d,knn
cfo_tone,0.0,21d,knn
qa_tone,0.0,21d,knn
tone_bucket_ord,0.0,21d,knn
n_wins,0.0,21d,knn
n_wins_revenue,0.0,21d,knn
n_wins_margin,0.0,21d,knn
n_wins_product,0.0,21d,knn
n_wins_customer,0.0,21d,knn
n_wins_capital_return,0.0,21d,knn
n_wins_guidance,0.0,21d,knn
n_wins_operations,0.0,21d,knn
n_risks,0.0,21d,knn
n_risks_demand,0.0,21d,knn
n_risks_margin,0.0,21d,knn
n_risks_competition,0.0,21d,knn
n_risks_macro,0.0,21d,knn
n_risks_regulatory,0.0,21d,knn
n_risks_guidance,0.0,21d,knn
n_risks_customer_concentration,0.0,21d,knn
n_risks_supply_chain,0.0,21d,knn
guidance_direction_ord,0.0,21d,knn
has_margin_guidance,0.0,21d,knn
has_eps_guidance,0.0,21d,knn
has_segment_specific_guidance,0.0,21d,knn
n_themes,0.0,21d,knn
lm_pos_ratio,0.0,21d,knn
lm_neg_ratio,0.0,21d,knn
lm_net,0.0,21d,knn
lm_word_count,0.0,21d,knn
d_overall_tone,0.0,21d,knn
d_ceo_tone,0.0,21d,knn
d_cfo_tone,0.0,21d,knn
d_qa_tone,0.0,21d,knn
d_tone_bucket_ord,0.0,21d,knn
d_n_wins,0.0,21d,knn
d_n_risks,0.0,21d,knn
d_n_themes,0.0,21d,knn
guidance_streak,0.0,21d,knn
n_risks_persistent,0.0,21d,knn
risk_persistence_ratio,0.0,21d,knn
n_new_themes,0.0,21d,knn
n_dropped_themes,0.0,21d,knn
n_persistent_themes,0.0,21d,knn
d_lm_net,0.0,21d,knn
pre_5d_ret,0.0,21d,knn
pre_5d_excess,0.0,21d,knn
pre_21d_ret,0.0,21d,knn
pre_21d_excess,0.0,21d,knn
pre_63d_ret,0.0,21d,knn
pre_63d_excess,0.0,21d,knn
overall_tone,0.007169468637147613,21d,rf
ceo_tone,0.038412539724742345,21d,rf
cfo_tone,0.011251414166091371,21d,rf
qa_tone,0.02450538348510431,21d,rf
tone_bucket_ord,0.0019162467372160835,21d,rf
n_wins,0.0055037379092883875,21d,rf
n_wins_revenue,0.005578873391521101,21d,rf
n_wins_margin,0.017537726660054685,21d,rf
n_wins_product,0.14669809774490444,21d,rf
n_wins_customer,0.0013660724380150265,21d,rf
n_wins_capital_return,0.001811124960981029,21d,rf
n_wins_guidance,0.00029148694169482323,21d,rf
n_wins_operations,0.0019476863003155495,21d,rf
n_risks,0.0010089536097421495,21d,rf
n_risks_demand,0.013243139860077512,21d,rf
n_risks_margin,0.001451068097236092,21d,rf
n_risks_competition,0.0,21d,rf
n_risks_macro,0.006440920656049137,21d,rf
n_risks_regulatory,0.0,21d,rf
n_risks_guidance,0.0,21d,rf
n_risks_customer_concentration,0.0013386122670131864,21d,rf
n_risks_supply_chain,0.0043776966888317325,21d,rf
guidance_direction_ord,0.0028821031667065865,21d,rf
has_margin_guidance,0.0035373629140211375,21d,rf
has_eps_guidance,0.0009337493379183611,21d,rf
has_segment_specific_guidance,0.005069536887630433,21d,rf
n_themes,0.0,21d,rf
lm_pos_ratio,0.04300170388449393,21d,rf
lm_neg_ratio,0.01805570121343138,21d,rf
lm_net,0.018565560213093375,21d,rf
lm_word_count,0.03516566789945238,21d,rf
d_overall_tone,0.022435103847833475,21d,rf
d_ceo_tone,0.02622342511897582,21d,rf
d_cfo_tone,0.06062360755333142,21d,rf
d_qa_tone,0.006852057883549424,21d,rf
d_tone_bucket_ord,0.0005835748487787141,21d,rf
d_n_wins,0.0,21d,rf
d_n_risks,0.0,21d,rf
d_n_themes,0.0,21d,rf
guidance_streak,0.0016980590512889115,21d,rf
n_risks_persistent,0.0023333344642732044,21d,rf
risk_persistence_ratio,0.019010260712120332,21d,rf
n_new_themes,0.014411467192907647,21d,rf
n_dropped_themes,0.0033158323843581815,21d,rf
n_persistent_themes,0.011509461395740274,21d,rf
d_lm_net,0.010264261582896292,21d,rf
pre_5d_ret,0.13202579152431054,21d,rf
pre_5d_excess,0.011509515400450091,21d,rf
pre_21d_ret,0.07849266002691065,21d,rf
pre_21d_excess,0.12855793475846547,21d,rf
pre_63d_ret,0.016638892369344013,21d,rf
pre_63d_excess,0.03445312409169156,21d,rf
overall_tone,0.0,21d,histgb
ceo_tone,0.0,21d,histgb
cfo_tone,0.0,21d,histgb
qa_tone,0.0,21d,histgb
tone_bucket_ord,0.0,21d,histgb
n_wins,0.0,21d,histgb
n_wins_revenue,0.0,21d,histgb
n_wins_margin,0.0,21d,histgb
n_wins_product,0.0,21d,histgb
n_wins_customer,0.0,21d,histgb
n_wins_capital_return,0.0,21d,histgb
n_wins_guidance,0.0,21d,histgb
n_wins_operations,0.0,21d,histgb
n_risks,0.0,21d,histgb
n_risks_demand,0.0,21d,histgb
n_risks_margin,0.0,21d,histgb
n_risks_competition,0.0,21d,histgb
n_risks_macro,0.0,21d,histgb
n_risks_regulatory,0.0,21d,histgb
n_risks_guidance,0.0,21d,histgb
n_risks_customer_concentration,0.0,21d,histgb
n_risks_supply_chain,0.0,21d,histgb
guidance_direction_ord,0.0,21d,histgb
has_margin_guidance,0.0,21d,histgb
has_eps_guidance,0.0,21d,histgb
has_segment_specific_guidance,0.0,21d,histgb
n_themes,0.0,21d,histgb
lm_pos_ratio,0.0,21d,histgb
lm_neg_ratio,0.0,21d,histgb
lm_net,0.0,21d,histgb
lm_word_count,0.0,21d,histgb
d_overall_tone,0.0,21d,histgb
d_ceo_tone,0.0,21d,histgb
d_cfo_tone,0.0,21d,histgb
d_qa_tone,0.0,21d,histgb
d_tone_bucket_ord,0.0,21d,histgb
d_n_wins,0.0,21d,histgb
d_n_risks,0.0,21d,histgb
d_n_themes,0.0,21d,histgb
guidance_streak,0.0,21d,histgb
n_risks_persistent,0.0,21d,histgb
risk_persistence_ratio,0.0,21d,histgb
n_new_themes,0.0,21d,histgb
n_dropped_themes,0.0,21d,histgb
n_persistent_themes,0.0,21d,histgb
d_lm_net,0.0,21d,histgb
pre_5d_ret,0.0,21d,histgb
pre_5d_excess,0.0,21d,histgb
pre_21d_ret,0.0,21d,histgb
pre_21d_excess,0.0,21d,histgb
pre_63d_ret,0.0,21d,histgb
pre_63d_excess,0.0,21d,histgb
overall_tone,0.032523587346076965,21d,xgb
ceo_tone,0.05253163352608681,21d,xgb
cfo_tone,0.0,21d,xgb
qa_tone,0.10091082751750946,21d,xgb
tone_bucket_ord,0.0,21d,xgb
n_wins,0.0,21d,xgb
n_wins_revenue,0.0,21d,xgb
n_wins_margin,0.023724813014268875,21d,xgb
n_wins_product,0.09718351066112518,21d,xgb
n_wins_customer,0.0,21d,xgb
n_wins_capital_return,0.03045470081269741,21d,xgb
n_wins_guidance,0.0,21d,xgb
n_wins_operations,0.0,21d,xgb
n_risks,0.0,21d,xgb
n_risks_demand,0.0,21d,xgb
n_risks_margin,0.0,21d,xgb
n_risks_competition,0.0,21d,xgb
n_risks_macro,0.0283611211925745,21d,xgb
n_risks_regulatory,0.0,21d,xgb
n_risks_guidance,0.0,21d,xgb
n_risks_customer_concentration,0.0,21d,xgb
n_risks_supply_chain,0.0,21d,xgb
guidance_direction_ord,0.0,21d,xgb
has_margin_guidance,0.0,21d,xgb
has_eps_guidance,0.0,21d,xgb
has_segment_specific_guidance,0.0,21d,xgb
n_themes,0.0,21d,xgb
lm_pos_ratio,0.061918359249830246,21d,xgb
lm_neg_ratio,0.0,21d,xgb
lm_net,0.0,21d,xgb
lm_word_count,0.0,21d,xgb
d_overall_tone,0.0,21d,xgb
d_ceo_tone,0.04169922322034836,21d,xgb
d_cfo_tone,0.07497686892747879,21d,xgb
d_qa_tone,0.061111003160476685,21d,xgb
d_tone_bucket_ord,0.0,21d,xgb
d_n_wins,0.0,21d,xgb
d_n_risks,0.0,21d,xgb
d_n_themes,0.0,21d,xgb
guidance_streak,0.0,21d,xgb
n_risks_persistent,0.0,21d,xgb
risk_persistence_ratio,0.06850511580705643,21d,xgb
n_new_themes,0.0,21d,xgb
n_dropped_themes,0.0,21d,xgb
n_persistent_themes,0.04315144941210747,21d,xgb
d_lm_net,0.0,21d,xgb
pre_5d_ret,0.07516368478536606,21d,xgb
pre_5d_excess,0.03928190842270851,21d,xgb
pre_21d_ret,0.03799743205308914,21d,xgb
pre_21d_excess,0.08273208886384964,21d,xgb
pre_63d_ret,0.0,21d,xgb
pre_63d_excess,0.04777268320322037,21d,xgb
overall_tone,6.0,21d,lgbm
ceo_tone,6.0,21d,lgbm
cfo_tone,0.0,21d,lgbm
qa_tone,9.0,21d,lgbm
tone_bucket_ord,0.0,21d,lgbm
n_wins,0.0,21d,lgbm
n_wins_revenue,0.0,21d,lgbm
n_wins_margin,0.0,21d,lgbm
n_wins_product,22.0,21d,lgbm
n_wins_customer,0.0,21d,lgbm
n_wins_capital_return,0.0,21d,lgbm
n_wins_guidance,0.0,21d,lgbm
n_wins_operations,0.0,21d,lgbm
n_risks,0.0,21d,lgbm
n_risks_demand,2.0,21d,lgbm
n_risks_margin,0.0,21d,lgbm
n_risks_competition,0.0,21d,lgbm
n_risks_macro,5.0,21d,lgbm
n_risks_regulatory,0.0,21d,lgbm
n_risks_guidance,0.0,21d,lgbm
n_risks_customer_concentration,0.0,21d,lgbm
n_risks_supply_chain,0.0,21d,lgbm
guidance_direction_ord,0.0,21d,lgbm
has_margin_guidance,0.0,21d,lgbm
has_eps_guidance,1.0,21d,lgbm
has_segment_specific_guidance,0.0,21d,lgbm
n_themes,0.0,21d,lgbm
lm_pos_ratio,8.0,21d,lgbm
lm_neg_ratio,2.0,21d,lgbm
lm_net,0.0,21d,lgbm
lm_word_count,2.0,21d,lgbm
d_overall_tone,0.0,21d,lgbm
d_ceo_tone,0.0,21d,lgbm
d_cfo_tone,21.0,21d,lgbm
d_qa_tone,6.0,21d,lgbm
d_tone_bucket_ord,0.0,21d,lgbm
d_n_wins,0.0,21d,lgbm
d_n_risks,0.0,21d,lgbm
d_n_themes,0.0,21d,lgbm
guidance_streak,0.0,21d,lgbm
n_risks_persistent,0.0,21d,lgbm
risk_persistence_ratio,5.0,21d,lgbm
n_new_themes,2.0,21d,lgbm
n_dropped_themes,0.0,21d,lgbm
n_persistent_themes,8.0,21d,lgbm
d_lm_net,0.0,21d,lgbm
pre_5d_ret,31.0,21d,lgbm
pre_5d_excess,0.0,21d,lgbm
pre_21d_ret,14.0,21d,lgbm
pre_21d_excess,28.0,21d,lgbm
pre_63d_ret,0.0,21d,lgbm
pre_63d_excess,4.0,21d,lgbm
overall_tone,0.007328685429699456,63d,ridge
ceo_tone,0.00584601279059544,63d,ridge
cfo_tone,0.005301231306884604,63d,ridge
qa_tone,0.004984420110095667,63d,ridge
tone_bucket_ord,0.00990546681701163,63d,ridge
n_wins,0.0038577278736140904,63d,ridge
n_wins_revenue,0.004117215179986385,63d,ridge
n_wins_margin,0.012338820303016107,63d,ridge
n_wins_product,-0.02000544318968078,63d,ridge
n_wins_customer,9.475803147631395e-05,63d,ridge
n_wins_capital_return,0.019467279196951494,63d,ridge
n_wins_guidance,-0.0018570898846377365,63d,ridge
n_wins_operations,-0.0008810006649008467,63d,ridge
n_risks,-0.006190164312282901,63d,ridge
n_risks_demand,-0.012337670426851403,63d,ridge
n_risks_margin,-0.012984321446590999,63d,ridge
n_risks_competition,-0.007129182701028214,63d,ridge
n_risks_macro,0.0125181116159649,63d,ridge
n_risks_regulatory,0.002831816589326471,63d,ridge
n_risks_guidance,-0.00946021498698391,63d,ridge
n_risks_customer_concentration,0.014795856316923596,63d,ridge
n_risks_supply_chain,-0.011227974221229852,63d,ridge
guidance_direction_ord,0.006324656496415333,63d,ridge
has_margin_guidance,-0.0016611150576140107,63d,ridge
has_eps_guidance,0.007957993886376528,63d,ridge
has_segment_specific_guidance,0.008906314452508666,63d,ridge
n_themes,-0.004754863066230285,63d,ridge
lm_pos_ratio,-0.015099926061550289,63d,ridge
lm_neg_ratio,-0.0028319605743076706,63d,ridge
lm_net,-0.009115200308286298,63d,ridge
lm_word_count,0.008294659062965604,63d,ridge
d_overall_tone,-0.0009758289314197538,63d,ridge
d_ceo_tone,0.004503833879602307,63d,ridge
d_cfo_tone,-0.0051705082812484055,63d,ridge
d_qa_tone,-0.006089749244269995,63d,ridge
d_tone_bucket_ord,-0.011687240059391464,63d,ridge
d_n_wins,-0.0018228962706556128,63d,ridge
d_n_risks,-7.706982841377256e-05,63d,ridge
d_n_themes,-0.0037661751972534107,63d,ridge
guidance_streak,0.00954261187077605,63d,ridge
n_risks_persistent,0.0006318306689842864,63d,ridge
risk_persistence_ratio,0.006017402744458725,63d,ridge
n_new_themes,0.010925806046436195,63d,ridge
n_dropped_themes,0.01184270129005352,63d,ridge
n_persistent_themes,0.001957076712233836,63d,ridge
d_lm_net,-0.0034844294573148963,63d,ridge
pre_5d_ret,-0.011055827345974182,63d,ridge
pre_5d_excess,-0.018438661373786264,63d,ridge
pre_21d_ret,0.017367908501873267,63d,ridge
pre_21d_excess,0.016268198977084845,63d,ridge
pre_63d_ret,0.005790527886385608,63d,ridge
pre_63d_excess,0.011048955359491994,63d,ridge
overall_tone,0.0,63d,lasso
ceo_tone,0.0,63d,lasso
cfo_tone,0.0,63d,lasso
qa_tone,0.0,63d,lasso
tone_bucket_ord,0.037487807210695716,63d,lasso
n_wins,0.0,63d,lasso
n_wins_revenue,0.0,63d,lasso
n_wins_margin,0.017447209933456862,63d,lasso
n_wins_product,-0.03485774105155476,63d,lasso
n_wins_customer,0.0,63d,lasso
n_wins_capital_return,0.03919601146150768,63d,lasso
n_wins_guidance,0.0,63d,lasso
n_wins_operations,-0.0,63d,lasso
n_risks,-0.0,63d,lasso
n_risks_demand,-0.0071256129314556365,63d,lasso
n_risks_margin,-0.017200255924238215,63d,lasso
n_risks_competition,-0.0,63d,lasso
n_risks_macro,0.011452305383457652,63d,lasso
n_risks_regulatory,0.0,63d,lasso
n_risks_guidance,-0.008139992765028685,63d,lasso
n_risks_customer_concentration,0.015241120328967421,63d,lasso
n_risks_supply_chain,-0.0044438085296252565,63d,lasso
guidance_direction_ord,0.0,63d,lasso
has_margin_guidance,-0.0,63d,lasso
has_eps_guidance,0.007899908564769933,63d,lasso
has_segment_specific_guidance,0.018370715374961266,63d,lasso
n_themes,-0.0,63d,lasso
lm_pos_ratio,-0.028036854648186182,63d,lasso
lm_neg_ratio,-0.0,63d,lasso
lm_net,-0.0,63d,lasso
lm_word_count,0.0036839804498346746,63d,lasso
d_overall_tone,0.0,63d,lasso
d_ceo_tone,0.0049401607475846755,63d,lasso
d_cfo_tone,-0.0,63d,lasso
d_qa_tone,-0.0,63d,lasso
d_tone_bucket_ord,-0.024183967470253486,63d,lasso
d_n_wins,-0.0,63d,lasso
d_n_risks,-0.0,63d,lasso
d_n_themes,-0.0,63d,lasso
guidance_streak,0.001038475893230015,63d,lasso
n_risks_persistent,0.0,63d,lasso
risk_persistence_ratio,0.001398874417961032,63d,lasso
n_new_themes,0.0,63d,lasso
n_dropped_themes,0.029969106298772242,63d,lasso
n_persistent_themes,0.0027366024015563874,63d,lasso
d_lm_net,-0.0019575890759185774,63d,lasso
pre_5d_ret,-0.0,63d,lasso
pre_5d_excess,-0.05476821711871506,63d,lasso
pre_21d_ret,0.05306180026691339,63d,lasso
pre_21d_excess,0.010293637193646425,63d,lasso
pre_63d_ret,0.0,63d,lasso
pre_63d_excess,0.007183276705262289,63d,lasso
overall_tone,0.005944833460803582,63d,elasticnet
ceo_tone,0.0018200720717031816,63d,elasticnet
cfo_tone,0.0,63d,elasticnet
qa_tone,0.0,63d,elasticnet
tone_bucket_ord,0.026209374834416946,63d,elasticnet
n_wins,0.0,63d,elasticnet
n_wins_revenue,0.0,63d,elasticnet
n_wins_margin,0.015852122586642557,63d,elasticnet
n_wins_product,-0.03246499579500522,63d,elasticnet
n_wins_customer,0.0,63d,elasticnet
n_wins_capital_return,0.032972356813239255,63d,elasticnet
n_wins_guidance,0.0,63d,elasticnet
n_wins_operations,-0.0,63d,elasticnet
n_risks,-0.0,63d,elasticnet
n_risks_demand,-0.009509474340273261,63d,elasticnet
n_risks_margin,-0.016544816450586055,63d,elasticnet
n_risks_competition,-0.0,63d,elasticnet
n_risks_macro,0.011632897431705412,63d,elasticnet
n_risks_regulatory,0.0,63d,elasticnet
n_risks_guidance,-0.00809496777376629,63d,elasticnet
n_risks_customer_concentration,0.015839341493870226,63d,elasticnet
n_risks_supply_chain,-0.008027657355872969,63d,elasticnet
guidance_direction_ord,0.0,63d,elasticnet
has_margin_guidance,-0.0,63d,elasticnet
has_eps_guidance,0.005235200759939595,63d,elasticnet
has_segment_specific_guidance,0.015175444215878036,63d,elasticnet
n_themes,-0.0,63d,elasticnet
lm_pos_ratio,-0.025360774670478307,63d,elasticnet
lm_neg_ratio,-0.0,63d,elasticnet
lm_net,-0.0,63d,elasticnet
lm_word_count,0.002489267860055853,63d,elasticnet
d_overall_tone,0.0,63d,elasticnet
d_ceo_tone,0.0,63d,elasticnet
d_cfo_tone,-0.0,63d,elasticnet
d_qa_tone,-0.0,63d,elasticnet
d_tone_bucket_ord,-0.01893860231285099,63d,elasticnet
d_n_wins,-0.0,63d,elasticnet
d_n_risks,-0.0,63d,elasticnet
d_n_themes,-0.0,63d,elasticnet
guidance_streak,0.00648740896067465,63d,elasticnet
n_risks_persistent,0.0,63d,elasticnet
risk_persistence_ratio,0.003494658210612418,63d,elasticnet
n_new_themes,0.0032916457476333378,63d,elasticnet
n_dropped_themes,0.02171995161477662,63d,elasticnet
n_persistent_themes,0.0,63d,elasticnet
d_lm_net,-0.0011375699573447945,63d,elasticnet
pre_5d_ret,-0.0,63d,elasticnet
pre_5d_excess,-0.04573775056861734,63d,elasticnet
pre_21d_ret,0.034535694787418754,63d,elasticnet
pre_21d_excess,0.020462111159225273,63d,elasticnet
pre_63d_ret,0.0,63d,elasticnet
pre_63d_excess,0.007604779703658364,63d,elasticnet
overall_tone,0.11000398702612063,63d,logreg
ceo_tone,0.061949512200534386,63d,logreg
cfo_tone,0.057679062309010876,63d,logreg
qa_tone,-0.02172422502579498,63d,logreg
tone_bucket_ord,0.1593952567093565,63d,logreg
n_wins,0.03033579996444131,63d,logreg
n_wins_revenue,0.3041996499183695,63d,logreg
n_wins_margin,0.07809651589309496,63d,logreg
n_wins_product,-0.2657379693763049,63d,logreg
n_wins_customer,-0.14358775695271725,63d,logreg
n_wins_capital_return,0.027842852018494908,63d,logreg
n_wins_guidance,-0.055360869624278206,63d,logreg
n_wins_operations,-0.04628901666757837,63d,logreg
n_risks,-0.10649133138137414,63d,logreg
n_risks_demand,-0.3460735621131926,63d,logreg
n_risks_margin,-0.028575994623600953,63d,logreg
n_risks_competition,0.1948725882640099,63d,logreg
n_risks_macro,0.1468987937521627,63d,logreg
n_risks_regulatory,0.18405263744414388,63d,logreg
n_risks_guidance,-0.09995999960474691,63d,logreg
n_risks_customer_concentration,0.01458520414561746,63d,logreg
n_risks_supply_chain,-0.02966080125811655,63d,logreg
guidance_direction_ord,0.15575985665665382,63d,logreg
has_margin_guidance,-0.09292428089738344,63d,logreg
has_eps_guidance,0.1109122800816712,63d,logreg
has_segment_specific_guidance,0.04031793254279918,63d,logreg
n_themes,-0.17000488800954264,63d,logreg
lm_pos_ratio,-0.29986311213014044,63d,logreg
lm_neg_ratio,0.05527848001547545,63d,logreg
lm_net,-0.24613048489368927,63d,logreg
lm_word_count,-0.007030681667765071,63d,logreg
d_overall_tone,-0.00942662605541668,63d,logreg
d_ceo_tone,0.11234124152579669,63d,logreg
d_cfo_tone,-0.050907138109828366,63d,logreg
d_qa_tone,-0.33338697512871285,63d,logreg
d_tone_bucket_ord,-0.02123626029704959,63d,logreg
d_n_wins,0.00031566036672537923,63d,logreg
d_n_risks,-0.07288729863367323,63d,logreg
d_n_themes,0.06241842803122193,63d,logreg
guidance_streak,0.047628193060135875,63d,logreg
n_risks_persistent,-0.05852271872158902,63d,logreg
risk_persistence_ratio,0.09428308632443336,63d,logreg
n_new_themes,0.11925396357322504,63d,logreg
n_dropped_themes,0.10022192372803125,63d,logreg
n_persistent_themes,-0.02329505119218045,63d,logreg
d_lm_net,-0.07865955077604425,63d,logreg
pre_5d_ret,-0.1698284114897512,63d,logreg
pre_5d_excess,-0.30359192515794947,63d,logreg
pre_21d_ret,0.3472166641554922,63d,logreg
pre_21d_excess,0.22707683811892748,63d,logreg
pre_63d_ret,0.0326767753010067,63d,logreg
pre_63d_excess,0.06762861885806143,63d,logreg
overall_tone,0.0,63d,knn
ceo_tone,0.0,63d,knn
cfo_tone,0.0,63d,knn
qa_tone,0.0,63d,knn
tone_bucket_ord,0.0,63d,knn
n_wins,0.0,63d,knn
n_wins_revenue,0.0,63d,knn
n_wins_margin,0.0,63d,knn
n_wins_product,0.0,63d,knn
n_wins_customer,0.0,63d,knn
n_wins_capital_return,0.0,63d,knn
n_wins_guidance,0.0,63d,knn
n_wins_operations,0.0,63d,knn
n_risks,0.0,63d,knn
n_risks_demand,0.0,63d,knn
n_risks_margin,0.0,63d,knn
n_risks_competition,0.0,63d,knn
n_risks_macro,0.0,63d,knn
n_risks_regulatory,0.0,63d,knn
n_risks_guidance,0.0,63d,knn
n_risks_customer_concentration,0.0,63d,knn
n_risks_supply_chain,0.0,63d,knn
guidance_direction_ord,0.0,63d,knn
has_margin_guidance,0.0,63d,knn
has_eps_guidance,0.0,63d,knn
has_segment_specific_guidance,0.0,63d,knn
n_themes,0.0,63d,knn
lm_pos_ratio,0.0,63d,knn
lm_neg_ratio,0.0,63d,knn
lm_net,0.0,63d,knn
lm_word_count,0.0,63d,knn
d_overall_tone,0.0,63d,knn
d_ceo_tone,0.0,63d,knn
d_cfo_tone,0.0,63d,knn
d_qa_tone,0.0,63d,knn
d_tone_bucket_ord,0.0,63d,knn
d_n_wins,0.0,63d,knn
d_n_risks,0.0,63d,knn
d_n_themes,0.0,63d,knn
guidance_streak,0.0,63d,knn
n_risks_persistent,0.0,63d,knn
risk_persistence_ratio,0.0,63d,knn
n_new_themes,0.0,63d,knn
n_dropped_themes,0.0,63d,knn
n_persistent_themes,0.0,63d,knn
d_lm_net,0.0,63d,knn
pre_5d_ret,0.0,63d,knn
pre_5d_excess,0.0,63d,knn
pre_21d_ret,0.0,63d,knn
pre_21d_excess,0.0,63d,knn
pre_63d_ret,0.0,63d,knn
pre_63d_excess,0.0,63d,knn
overall_tone,0.011155446250370942,63d,rf
ceo_tone,0.015102015361279572,63d,rf
cfo_tone,0.04431341380329478,63d,rf
qa_tone,0.008770762144149942,63d,rf
tone_bucket_ord,0.0,63d,rf
n_wins,0.0013653568310352505,63d,rf
n_wins_revenue,0.05511432343200088,63d,rf
n_wins_margin,0.01980522113212427,63d,rf
n_wins_product,0.08699034511947275,63d,rf
n_wins_customer,0.002589530412384812,63d,rf
n_wins_capital_return,0.003781659112919203,63d,rf
n_wins_guidance,0.0011635318662634928,63d,rf
n_wins_operations,0.001202908520364928,63d,rf
n_risks,0.00011305682436977513,63d,rf
n_risks_demand,0.003040124712056942,63d,rf
n_risks_margin,0.0023277450887509233,63d,rf
n_risks_competition,0.0,63d,rf
n_risks_macro,0.019984542272708808,63d,rf
n_risks_regulatory,0.009994514942937712,63d,rf
n_risks_guidance,0.002239481621514648,63d,rf
n_risks_customer_concentration,0.003797178814677272,63d,rf
n_risks_supply_chain,0.002528669674558669,63d,rf
guidance_direction_ord,0.001065579859573057,63d,rf
has_margin_guidance,0.002755050902237833,63d,rf
has_eps_guidance,0.0009339631039542664,63d,rf
has_segment_specific_guidance,0.0035125163328396736,63d,rf
n_themes,0.0,63d,rf
lm_pos_ratio,0.08419569748585892,63d,rf
lm_neg_ratio,0.02661642189919017,63d,rf
lm_net,0.04810655453565562,63d,rf
lm_word_count,0.018697247976076064,63d,rf
d_overall_tone,0.006418638802219098,63d,rf
d_ceo_tone,0.004214241526511502,63d,rf
d_cfo_tone,0.016252485158476836,63d,rf
d_qa_tone,0.007996894339818636,63d,rf
d_tone_bucket_ord,0.0002600823101529409,63d,rf
d_n_wins,0.0,63d,rf
d_n_risks,0.0,63d,rf
d_n_themes,0.0,63d,rf
guidance_streak,0.014284534340529504,63d,rf
n_risks_persistent,0.00041789043620854934,63d,rf
risk_persistence_ratio,0.010283142968335357,63d,rf
n_new_themes,0.0033566810939507784,63d,rf
n_dropped_themes,0.0073625760392304175,63d,rf
n_persistent_themes,0.007527644894527333,63d,rf
d_lm_net,0.026379221732444783,63d,rf
pre_5d_ret,0.1577453936335601,63d,rf
pre_5d_excess,0.04148481117544059,63d,rf
pre_21d_ret,0.0687176064242418,63d,rf
pre_21d_excess,0.03820880477306431,63d,rf
pre_63d_ret,0.026237136626425538,63d,rf
pre_63d_excess,0.08158935369224064,63d,rf
overall_tone,0.0,63d,histgb
ceo_tone,0.0,63d,histgb
cfo_tone,0.0,63d,histgb
qa_tone,0.0,63d,histgb
tone_bucket_ord,0.0,63d,histgb
n_wins,0.0,63d,histgb
n_wins_revenue,0.0,63d,histgb
n_wins_margin,0.0,63d,histgb
n_wins_product,0.0,63d,histgb
n_wins_customer,0.0,63d,histgb
n_wins_capital_return,0.0,63d,histgb
n_wins_guidance,0.0,63d,histgb
n_wins_operations,0.0,63d,histgb
n_risks,0.0,63d,histgb
n_risks_demand,0.0,63d,histgb
n_risks_margin,0.0,63d,histgb
n_risks_competition,0.0,63d,histgb
n_risks_macro,0.0,63d,histgb
n_risks_regulatory,0.0,63d,histgb
n_risks_guidance,0.0,63d,histgb
n_risks_customer_concentration,0.0,63d,histgb
n_risks_supply_chain,0.0,63d,histgb
guidance_direction_ord,0.0,63d,histgb
has_margin_guidance,0.0,63d,histgb
has_eps_guidance,0.0,63d,histgb
has_segment_specific_guidance,0.0,63d,histgb
n_themes,0.0,63d,histgb
lm_pos_ratio,0.0,63d,histgb
lm_neg_ratio,0.0,63d,histgb
lm_net,0.0,63d,histgb
lm_word_count,0.0,63d,histgb
d_overall_tone,0.0,63d,histgb
d_ceo_tone,0.0,63d,histgb
d_cfo_tone,0.0,63d,histgb
d_qa_tone,0.0,63d,histgb
d_tone_bucket_ord,0.0,63d,histgb
d_n_wins,0.0,63d,histgb
d_n_risks,0.0,63d,histgb
d_n_themes,0.0,63d,histgb
guidance_streak,0.0,63d,histgb
n_risks_persistent,0.0,63d,histgb
risk_persistence_ratio,0.0,63d,histgb
n_new_themes,0.0,63d,histgb
n_dropped_themes,0.0,63d,histgb
n_persistent_themes,0.0,63d,histgb
d_lm_net,0.0,63d,histgb
pre_5d_ret,0.0,63d,histgb
pre_5d_excess,0.0,63d,histgb
pre_21d_ret,0.0,63d,histgb
pre_21d_excess,0.0,63d,histgb
pre_63d_ret,0.0,63d,histgb
pre_63d_excess,0.0,63d,histgb
overall_tone,0.0,63d,xgb
ceo_tone,0.007414256688207388,63d,xgb
cfo_tone,0.0,63d,xgb
qa_tone,0.012803242541849613,63d,xgb
tone_bucket_ord,0.0,63d,xgb
n_wins,0.0,63d,xgb
n_wins_revenue,0.05963074415922165,63d,xgb
n_wins_margin,0.0,63d,xgb
n_wins_product,0.07829109579324722,63d,xgb
n_wins_customer,0.05356144905090332,63d,xgb
n_wins_capital_return,0.014121373184025288,63d,xgb
n_wins_guidance,0.0,63d,xgb
n_wins_operations,0.0,63d,xgb
n_risks,0.005164718255400658,63d,xgb
n_risks_demand,0.0,63d,xgb
n_risks_margin,0.009791471995413303,63d,xgb
n_risks_competition,0.0,63d,xgb
n_risks_macro,0.027463845908641815,63d,xgb
n_risks_regulatory,0.015087012201547623,63d,xgb
n_risks_guidance,0.0,63d,xgb
n_risks_customer_concentration,0.013034715317189693,63d,xgb
n_risks_supply_chain,0.0064613427966833115,63d,xgb
guidance_direction_ord,0.0,63d,xgb
has_margin_guidance,0.0,63d,xgb
has_eps_guidance,0.005012888927012682,63d,xgb
has_segment_specific_guidance,0.0,63d,xgb
n_themes,0.0,63d,xgb
lm_pos_ratio,0.024013176560401917,63d,xgb
lm_neg_ratio,0.08353588730096817,63d,xgb
lm_net,0.04939179867506027,63d,xgb
lm_word_count,0.026229023933410645,63d,xgb
d_overall_tone,0.014951528050005436,63d,xgb
d_ceo_tone,0.05477446690201759,63d,xgb
d_cfo_tone,0.022285617887973785,63d,xgb
d_qa_tone,0.02113879844546318,63d,xgb
d_tone_bucket_ord,0.0,63d,xgb
d_n_wins,0.0,63d,xgb
d_n_risks,0.015854360535740852,63d,xgb
d_n_themes,0.0,63d,xgb
guidance_streak,0.0,63d,xgb
n_risks_persistent,0.007855545729398727,63d,xgb
risk_persistence_ratio,0.02343856729567051,63d,xgb
n_new_themes,0.010511554777622223,63d,xgb
n_dropped_themes,0.0305433738976717,63d,xgb
n_persistent_themes,0.03295630216598511,63d,xgb
d_lm_net,0.01960327848792076,63d,xgb
pre_5d_ret,0.07475351542234421,63d,xgb
pre_5d_excess,0.01571231335401535,63d,xgb
pre_21d_ret,0.06069064140319824,63d,xgb
pre_21d_excess,0.06758076697587967,63d,xgb
pre_63d_ret,0.02291860803961754,63d,xgb
pre_63d_excess,0.013422730378806591,63d,xgb
overall_tone,1.0,63d,lgbm
ceo_tone,2.0,63d,lgbm
cfo_tone,0.0,63d,lgbm
qa_tone,1.0,63d,lgbm
tone_bucket_ord,0.0,63d,lgbm
n_wins,0.0,63d,lgbm
n_wins_revenue,0.0,63d,lgbm
n_wins_margin,3.0,63d,lgbm
n_wins_product,16.0,63d,lgbm
n_wins_customer,2.0,63d,lgbm
n_wins_capital_return,6.0,63d,lgbm
n_wins_guidance,0.0,63d,lgbm
n_wins_operations,0.0,63d,lgbm
n_risks,1.0,63d,lgbm
n_risks_demand,0.0,63d,lgbm
n_risks_margin,0.0,63d,lgbm
n_risks_competition,0.0,63d,lgbm
n_risks_macro,5.0,63d,lgbm
n_risks_regulatory,1.0,63d,lgbm
n_risks_guidance,0.0,63d,lgbm
n_risks_customer_concentration,0.0,63d,lgbm
n_risks_supply_chain,2.0,63d,lgbm
guidance_direction_ord,0.0,63d,lgbm
has_margin_guidance,0.0,63d,lgbm
has_eps_guidance,0.0,63d,lgbm
has_segment_specific_guidance,0.0,63d,lgbm
n_themes,0.0,63d,lgbm
lm_pos_ratio,15.0,63d,lgbm
lm_neg_ratio,1.0,63d,lgbm
lm_net,7.0,63d,lgbm
lm_word_count,11.0,63d,lgbm
d_overall_tone,0.0,63d,lgbm
d_ceo_tone,2.0,63d,lgbm
d_cfo_tone,6.0,63d,lgbm
d_qa_tone,6.0,63d,lgbm
d_tone_bucket_ord,0.0,63d,lgbm
d_n_wins,0.0,63d,lgbm
d_n_risks,2.0,63d,lgbm
d_n_themes,0.0,63d,lgbm
guidance_streak,0.0,63d,lgbm
n_risks_persistent,1.0,63d,lgbm
risk_persistence_ratio,14.0,63d,lgbm
n_new_themes,4.0,63d,lgbm
n_dropped_themes,4.0,63d,lgbm
n_persistent_themes,1.0,63d,lgbm
d_lm_net,11.0,63d,lgbm
pre_5d_ret,15.0,63d,lgbm
pre_5d_excess,15.0,63d,lgbm
pre_21d_ret,13.0,63d,lgbm
pre_21d_excess,13.0,63d,lgbm
pre_63d_ret,1.0,63d,lgbm
pre_63d_excess,11.0,63d,lgbm
